Element,D_0,beta_S,beta_P,beta_C,D_schreibersite,D_troilite
P,0.1,-2.4,-0.43,-,0.099304866,
V,0.57,3,-,-,-,
Cr,0.81,1.66,-0.7,1.36,-,
Co,0.95,-1.26,-0.7,-0.588,1.492537313,9.9
Ni,0.874,-0.517,-0.016,-1.282,1.063829787,23.7
Cu,0.77,1.39,-1.29,-1.92,6.25,1.29
Zn,0.66,0.99,-,-,-,0.45
Ga,0.76,-2.81,-4.16,-3.7,90.90909091,39
Ge,0.63,-3.23,-4.23,-2.57,52.63157895,23
As,0.23,-2,-3.42,-2,11.11111111,72
Mo,0.67,-1.33,2.08,-,0.318471338,0.99
Ru,1.18,-3.89,-0.94,-1.6,2,1702
Rh,0.97,-2.66,-0.74,-,2.173913043,4366
Pd,0.54,-0.707,-0.87,-3.38,4.347826087,1159
Ag,0.15,2.88,0.45,-,7.692307692,0.73
Sn,0.13,-0.84,-2.2,-4.65,-,862
Sb,0.12,-0.61,-3.23,-4.97,10,445
W,0.95,-3.88,-0.67,3.36,1.204819277,288
Re,1.65,-5.08,-3.79,0.27,10,6543
Os,1.71,-5.34,-5.6,-2.8,30.3030303,12429
Ir,1.49,-5.04,-5.63,-4.23,5,32974
Pt,0.95,-4.2,-5.68,-4.81,83.33333333,7242
Au,0.37,-1.72,-3.19,-4.29,166.6666667,755
Pb,0.025,3,1.9,-,-,0.15
Bi,0.012,7.5,1.8,-,-,0.09
,,,,,,
References,"Chabot et al., 2017","Chabot et al., 2017","Chabot et al., 2017","Chabot et al., 2017","Chabot et al., 2020","Chabot et al., 2025"
