Group,P,S,Fe,Co,Ni,Cu,Ga,Ge,As,Mo,Ru,Rh,Pd,Sb,W,Re,Os,Ir,Pt,Au
Units,wt%,wt%,mg/g,mg/g,mg/g,ppm,ppm,ppm,ppm,ppm,ppm,ppm,ppm,ppb,ppm,ppb,ppm,ppm,ppm,ppm
Default,0.49,15,787.8,2.85,54,320,25.5,98,6.3,5.5,4.2,0.8,2.6,370,0.65,150,1.8,1.7,5,0.65
IC,0.49,15,787.8,2.85,54,320,25.5,98,7,5.8,4.2,0.8,2.6,370,0.65,50,0.8,1.2,5,0.7
Diff,0,0,0,0,0,0,0,0,0.7,0.3,0,0,0,0,0,-100,-1,-0.5,0,0.05
,,,,,,,,,,,,,,,,,,,,
Default,0.6,15,793.2,2.85,47.5,285,24,75,6,,5.8,,2.1,210,0.85,300,4,4,7,0.6
IIAB,0.3,15,793.2,2.78,47.5,285,26,75,6,,5.8,,2.1,210,0.85,300,4,4,7,0.6
Diff,-0.3,0,0,-0.07,0,0,2,0,0,0,0,0,0,0,0,0,0,0,0,0
,,,,,,,,,,,,,,,,,,,,
Default,0.32,9,830,3.9,72.7,248,13.6,27.1,7.4,,6,,3,143,0.66,358,3.4,3.7,6.7,0.87
IIIAB,0.32,9,830,4,72.7,248,13.6,27.1,7.8,,6,,3,143,0.66,358,3.4,3.7,6.7,0.87
Diff,0,0,0,0.1,0,0,0,0,0.4,0,0,0,0,0,0,0,0,0,0,0
,,,,,,,,,,,,,,,,,,,,
Default,0.5,7,845.8,3.92,75,195,12.6,23.5,4.8,6,7,0.95,3,120,0.75,350,4,3.5,8,0.65
IIIE,0.4,7,845.8,4,75,195,12.6,25,6.5,6,6,0.95,3,120,0.75,100,1,1,8,0.75
Diff,-0.1,0,0,0.08,0,0,0,1.5,1.7,0,-1,0,0,0,0,-250,-3,-2.5,0,0.1
,,,,,,,,,,,,,,,,,,,,
Default,0.12,3,892.1,3.5,73,150,1.76,0.094,4.5,5.2,4.5,0.74,3.7,4.5,0.57,350,4,2.75,6,0.98
IVA,0.07,3,892.1,3.6,73,150,1.76,0.094,6,5.2,4.5,0.74,3.7,4.5,0.5,300,4,2.2,5,1.2
Diff,-0.05,0,0,0.1,0,0,0,0,1.5,0,0,0,0,0,-0.07,-50,0,-0.55,-1,0.22
,,,,,,,,,,,,,,,,,,,,
Default,2.2,6,812.9,4.75,100,320,25.4,71,15.2,13,5.9,1.4,5.4,860,1.5,310,3.3,3.2,6.8,1.35
IIC,2.2,6,812.9,4.75,100,400,25.4,71,15.2,13,6.5,1.4,4.5,1200,1.5,310,3.3,3.2,6.8,1.35
Diff,0,0,0,0,0,80,0,0,0,0,0.6,0,-0.9,340,0,0,0,0,0,0
,,,,,,,,,,,,,,,,,,,,
Default,1.9,0.5,865.6,6.8,108,235,75.9,97,11.6,,15,,4.4,290,3,1200,15,12.4,16,1.1
IID,1.9,0.5,865.6,6.7,108,300,75.9,97,11.6,,15,,4.4,290,3,1200,15,12.4,16,1.1
Diff,0,0,0,-0.1,0,65,0,0,0,0,0,0,0,0,0,0,0,0,0,0
,,,,,,,,,,,,,,,,,,,,
Default,0.65,5,817.2,6.15,119,430,7.6,110,12.5,13,12.5,1.8,5.2,170,0.9,830,9.5,9,15,1.1
IIF,0.65,5,817.2,6.15,119,430,7.6,120,12.5,13,12.5,1.8,4.5,340,0.9,830,8.5,9,15,1.1
Diff,0,0,0,0,0,0,0,10,0,0,0,0,-0.7,170,0,0,-1,0,0,0
,,,,,,,,,,,,,,,,,,,,
Default,1.2,2,890.8,3.07,73,115,6.674,0.965,4.28,8,8,1.2,4,75,1.2,685,8,6,8,0.7
IIIF,1.2,2,890.8,3.3,73,115,6.674,0.965,3,8,8,1.2,4,45,2,685,8,6,8,0.7
Diff,0,0,0,0.23,0,0,0,0,-1.28,0,0,0,0,-30,0.8,0,0,0,0,0
,,,,,,,,,,,,,,,,,,,,
Default,0.47,0.5,809.7,7.87,177.5,5,0.237,0.07,1.45,34,26,3.7,9.45,8.2,3.1,2100,28.5,20,31,0.16
IVB,0.47,0.5,809.7,7.8,177.5,5,0.237,0.07,1.45,34,26,3.7,9.45,8.2,3.1,2100,28.5,20,27,0.16
Diff,0,0,0,-0.07,0,0,0,0,0,0,0,0,0,0,0,0,0,0,-4,0
,,,,,,,,,,,,,,,,,,,,
Default,1.5,8,716.7,7.6,180,550,11.8,32,17.2,20,11.5,2.96,8.4,580,0.4,670,7.3,7.3,12.7,1.72
SBT,1,8,716.7,7.6,180,550,12.5,35,17.2,20,11.5,2.96,8.4,400,0.7,670,7.3,7.3,12.7,1.72
Diff,-0.5,0,0,0,0,0,0.7,3,0,0,0,0,0,-180,0.3,0,0,0,0,0
